Year,Continental,Oceanic
2015,5216.65,6633.04
2016,4673.9400000000005,7450.33
2017,5399.37,6650.63
2018,4190.04,6940.03
2019,4824.01,7735.96
2020,5354.2699999999995,7471.24
2021,4216.52,7352.89
2022,4726.9,6578.86
2023,4883.1,6850.95
